mpagin0,Md8Vc9dQ0kk,false
akundt1,tKEmxurf,false
kmoland2,2h4rzfZHH,false
zglennard3,C13RaAl,false
mphillipps4,2MXuJWJz1d,true
bovenell5,VyDUJ07L,true
varmfirld6,bB6FHd5y,true
kwratten7,p0twBwHmKCh,false
hamy8,IC9rcBAt0yC,true
dmatteotti9,qP49Wkz,false
bkemma,JIQE2uZ,true
aeveringhamb,OoLxIEDkTm,false
hpoec,wWlw16a,false
cmiddupd,ku1hM6mC,true
wsilcockse,nPTk9f8,true
lgoldinef,yHQHcQqjgcI,false
haskwithg,b0zK4Y,true
iiwanczykh,8c6vzqQ4V5,false
bclilverdi,6J5cbc8,true
gedelmannj,HGGdwp3p,false
tlaydelk,151CvrzmF,true
aluscottl,JSSrPX7F,false
aconechiem,UhKLLRHE,true
123,123,true
dkingho,nen8RX8,true
